file,timestamp,pitch,raw_chord,raw_confidence,stable_chord,stable_root,stable_quality,stable_confidence,candidate,candidate_root,candidate_confidence,candidate_age_ms,candidate_frames,support_age_ms,audio_activity,expected_chart_chord,chart_prior,tracking_state,position,section
violao_teste_120bpm.wav,0.0,C3,C,0.808,C,C,major,0.808,--,--,0.0,0.0,0,0.0,0.20592,--,OFF,TRACKING,1:1,UNKNOWN
violao_teste_120bpm.wav,0.093,C2,C,0.803,C,C,major,0.807,--,--,0.0,0.0,0,0.0,0.19187,--,OFF,TRACKING,1:1,UNKNOWN
violao_teste_120bpm.wav,0.186,C2,C,0.786,C,C,major,0.802,--,--,0.0,0.0,0,0.0,0.13157,--,OFF,TRACKING,1:1,UNKNOWN
violao_teste_120bpm.wav,0.279,C2,C,0.767,C,C,major,0.793,--,--,0.0,0.0,0,0.0,0.09343,--,OFF,TRACKING,1:1,UNKNOWN
violao_teste_120bpm.wav,0.372,C2,C,0.752,C,C,major,0.783,--,--,0.0,0.0,0,0.0,0.06612,--,OFF,TRACKING,1:1,UNKNOWN
violao_teste_120bpm.wav,0.464,C3,C,0.651,C,C,major,0.75,--,--,0.0,0.0,0,0.0,0.11228,--,OFF,TRACKING,1:1,UNKNOWN
violao_teste_120bpm.wav,0.557,C2,C,0.739,C,C,major,0.747,--,--,0.0,0.0,0,0.0,0.13262,--,OFF,TRACKING,1:2,UNKNOWN
violao_teste_120bpm.wav,0.65,C2,C,0.774,C,C,major,0.754,--,--,0.0,0.0,0,0.0,0.09431,--,OFF,TRACKING,1:2,UNKNOWN
violao_teste_120bpm.wav,0.743,C2,C,0.785,C,C,major,0.762,--,--,0.0,0.0,0,0.0,0.06713,--,OFF,TRACKING,1:2,UNKNOWN
violao_teste_120bpm.wav,0.836,C2,C,0.787,C,C,major,0.768,--,--,0.0,0.0,0,0.0,0.04914,--,OFF,TRACKING,1:2,UNKNOWN
violao_teste_120bpm.wav,0.929,C3,C,0.756,C,C,major,0.765,--,--,0.0,0.0,0,0.0,0.07507,--,OFF,TRACKING,1:2,UNKNOWN
violao_teste_120bpm.wav,1.022,C3,C,0.78,C,C,major,0.769,--,--,0.0,0.0,0,0.0,0.22113,--,OFF,TRACKING,1:3,UNKNOWN
violao_teste_120bpm.wav,1.115,C2,C,0.788,C,C,major,0.774,--,--,0.0,0.0,0,0.0,0.18288,--,OFF,TRACKING,1:3,UNKNOWN
violao_teste_120bpm.wav,1.207,C2,C,0.781,C,C,major,0.776,--,--,0.0,0.0,0,0.0,0.13052,--,OFF,TRACKING,1:3,UNKNOWN
violao_teste_120bpm.wav,1.3,C2,C,0.768,C,C,major,0.774,--,--,0.0,0.0,0,0.0,0.08867,--,OFF,TRACKING,1:3,UNKNOWN
violao_teste_120bpm.wav,1.393,C2,C,0.756,C,C,major,0.769,--,--,0.0,0.0,0,0.0,0.06304,--,OFF,TRACKING,1:3,UNKNOWN
violao_teste_120bpm.wav,1.486,C3,C,0.733,C,C,major,0.76,--,--,0.0,0.0,0,0.0,0.14202,--,OFF,TRACKING,1:3,UNKNOWN
violao_teste_120bpm.wav,1.579,C2,C,0.783,C,C,major,0.766,--,--,0.0,0.0,0,0.0,0.16533,--,OFF,TRACKING,1:4,UNKNOWN
violao_teste_120bpm.wav,1.672,C2,C,0.793,C,C,major,0.773,--,--,0.0,0.0,0,0.0,0.11142,--,OFF,TRACKING,1:4,UNKNOWN
violao_teste_120bpm.wav,1.765,C2,C,0.794,C,C,major,0.778,--,--,0.0,0.0,0,0.0,0.0814,--,OFF,TRACKING,1:4,UNKNOWN
violao_teste_120bpm.wav,1.858,C2,C,0.786,C,C,major,0.78,--,--,0.0,0.0,0,0.0,0.06052,--,OFF,TRACKING,1:4,UNKNOWN
violao_teste_120bpm.wav,1.95,F2,C/G,0.725,C,C,major,0.766,--,--,0.0,0.0,0,0.0,0.09966,--,OFF,TRACKING,1:4,UNKNOWN
violao_teste_120bpm.wav,2.043,C3,G/D,0.74,C,C,major,0.671,G,G,0.68,0.0,1,92.9,0.20703,--,OFF,TRACKING,2:1,UNKNOWN
violao_teste_120bpm.wav,2.136,C3,G,0.824,C,C,major,0.576,G,G,0.761,92.9,2,185.8,0.16236,--,OFF,TRACKING,2:1,UNKNOWN
violao_teste_120bpm.wav,2.229,C3,G,0.835,G,G,major,0.794,--,--,0.0,0.0,0,0.0,0.11794,--,OFF,TRACKING,2:1,UNKNOWN
violao_teste_120bpm.wav,2.322,C3,G,0.835,G,G,major,0.804,--,--,0.0,0.0,0,0.0,0.0818,--,OFF,TRACKING,2:1,UNKNOWN
violao_teste_120bpm.wav,2.415,C3,G,0.84,G,G,major,0.813,--,--,0.0,0.0,0,0.0,0.06387,--,OFF,TRACKING,2:1,UNKNOWN
violao_teste_120bpm.wav,2.508,B2,G,0.845,G,G,major,0.821,--,--,0.0,0.0,0,0.0,0.15686,--,OFF,TRACKING,2:1,UNKNOWN
violao_teste_120bpm.wav,2.601,C3,G,0.897,G,G,major,0.84,--,--,0.0,0.0,0,0.0,0.13887,--,OFF,TRACKING,2:2,UNKNOWN
violao_teste_120bpm.wav,2.694,C3,G,0.896,G,G,major,0.854,--,--,0.0,0.0,0,0.0,0.10518,--,OFF,TRACKING,2:2,UNKNOWN
violao_teste_120bpm.wav,2.786,C3,G,0.887,G,G,major,0.862,--,--,0.0,0.0,0,0.0,0.074,--,OFF,TRACKING,2:2,UNKNOWN
violao_teste_120bpm.wav,2.879,C3,G,0.877,G,G,major,0.866,--,--,0.0,0.0,0,0.0,0.05618,--,OFF,TRACKING,2:2,UNKNOWN
violao_teste_120bpm.wav,2.972,B2,G,0.82,G,G,major,0.854,--,--,0.0,0.0,0,0.0,0.1551,--,OFF,TRACKING,2:2,UNKNOWN
violao_teste_120bpm.wav,3.065,C3,G,0.878,G,G,major,0.86,--,--,0.0,0.0,0,0.0,0.21554,--,OFF,TRACKING,2:3,UNKNOWN
violao_teste_120bpm.wav,3.158,C3,G,0.869,G,G,major,0.863,--,--,0.0,0.0,0,0.0,0.17146,--,OFF,TRACKING,2:3,UNKNOWN
violao_teste_120bpm.wav,3.251,C3,G,0.85,G,G,major,0.859,--,--,0.0,0.0,0,0.0,0.12432,--,OFF,TRACKING,2:3,UNKNOWN
violao_teste_120bpm.wav,3.344,C3,G,0.835,G,G,major,0.853,--,--,0.0,0.0,0,0.0,0.08672,--,OFF,TRACKING,2:3,UNKNOWN
violao_teste_120bpm.wav,3.437,C3,G,0.793,G,G,major,0.838,--,--,0.0,0.0,0,0.0,0.08109,--,OFF,TRACKING,2:3,UNKNOWN
violao_teste_120bpm.wav,3.529,B2,G,0.83,G,G,major,0.836,--,--,0.0,0.0,0,0.0,0.14624,--,OFF,TRACKING,2:4,UNKNOWN
violao_teste_120bpm.wav,3.622,C3,G/D,0.893,G,G,major,0.851,--,--,0.0,0.0,0,0.0,0.13602,--,OFF,TRACKING,2:4,UNKNOWN
violao_teste_120bpm.wav,3.715,C3,G,0.903,G,G,major,0.864,--,--,0.0,0.0,0,0.0,0.0997,--,OFF,TRACKING,2:4,UNKNOWN
violao_teste_120bpm.wav,3.808,C3,G,0.894,G,G,major,0.871,--,--,0.0,0.0,0,0.0,0.07084,--,OFF,TRACKING,2:4,UNKNOWN
violao_teste_120bpm.wav,3.901,C3,G,0.876,G,G,major,0.873,--,--,0.0,0.0,0,0.0,0.05408,--,OFF,TRACKING,2:4,UNKNOWN
violao_teste_120bpm.wav,3.994,A1,G,0.625,G,G,major,0.811,--,--,0.0,0.0,0,0.0,0.19405,--,OFF,TRACKING,2:4,UNKNOWN
violao_teste_120bpm.wav,4.087,G#1,Am,0.805,G,G,major,0.71,Am,A,0.805,0.0,1,92.9,0.18627,--,OFF,TRACKING,3:1,UNKNOWN
violao_teste_120bpm.wav,4.18,A1,Am,0.861,G,G,major,0.61,Am,A,0.839,92.9,2,185.8,0.13272,--,OFF,TRACKING,3:1,UNKNOWN
violao_teste_120bpm.wav,4.272,A1,Am,0.88,Am,A,minor,0.858,--,--,0.0,0.0,0,0.0,0.09499,--,OFF,TRACKING,3:1,UNKNOWN
violao_teste_120bpm.wav,4.365,A1,Am,0.887,Am,A,minor,0.865,--,--,0.0,0.0,0,0.0,0.06894,--,OFF,TRACKING,3:1,UNKNOWN
violao_teste_120bpm.wav,4.458,A2,Am,0.768,Am,A,minor,0.841,--,--,0.0,0.0,0,0.0,0.09509,--,OFF,TRACKING,3:1,UNKNOWN
violao_teste_120bpm.wav,4.551,A1,Am,0.873,Am,A,minor,0.849,--,--,0.0,0.0,0,0.0,0.18863,--,OFF,TRACKING,3:2,UNKNOWN
violao_teste_120bpm.wav,4.644,A1,Am,0.897,Am,A,minor,0.861,--,--,0.0,0.0,0,0.0,0.12901,--,OFF,TRACKING,3:2,UNKNOWN
violao_teste_120bpm.wav,4.737,A1,Am,0.9,Am,A,minor,0.871,--,--,0.0,0.0,0,0.0,0.09209,--,OFF,TRACKING,3:2,UNKNOWN
violao_teste_120bpm.wav,4.83,A1,Am,0.896,Am,A,minor,0.877,--,--,0.0,0.0,0,0.0,0.06469,--,OFF,TRACKING,3:2,UNKNOWN
violao_teste_120bpm.wav,4.923,A1,Am,0.887,Am,A,minor,0.88,--,--,0.0,0.0,0,0.0,0.06417,--,OFF,TRACKING,3:2,UNKNOWN
violao_teste_120bpm.wav,5.016,A1,Am,0.863,Am,A,minor,0.875,--,--,0.0,0.0,0,0.0,0.21789,--,OFF,TRACKING,3:2,UNKNOWN
violao_teste_120bpm.wav,5.108,A1,Am,0.897,Am,A,minor,0.881,--,--,0.0,0.0,0,0.0,0.1915,--,OFF,TRACKING,3:3,UNKNOWN
violao_teste_120bpm.wav,5.201,A1,Am,0.908,Am,A,minor,0.888,--,--,0.0,0.0,0,0.0,0.1336,--,OFF,TRACKING,3:3,UNKNOWN
violao_teste_120bpm.wav,5.294,A1,Am,0.911,Am,A,minor,0.893,--,--,0.0,0.0,0,0.0,0.09845,--,OFF,TRACKING,3:3,UNKNOWN
violao_teste_120bpm.wav,5.387,A1,Am,0.908,Am,A,minor,0.897,--,--,0.0,0.0,0,0.0,0.0725,--,OFF,TRACKING,3:3,UNKNOWN
violao_teste_120bpm.wav,5.48,A1,Am,0.793,Am,A,minor,0.871,--,--,0.0,0.0,0,0.0,0.11972,--,OFF,TRACKING,3:3,UNKNOWN
violao_teste_120bpm.wav,5.573,G#1,Am,0.859,Am,A,minor,0.868,--,--,0.0,0.0,0,0.0,0.14505,--,OFF,TRACKING,3:4,UNKNOWN
violao_teste_120bpm.wav,5.666,G#1,Am,0.876,Am,A,minor,0.87,--,--,0.0,0.0,0,0.0,0.10491,--,OFF,TRACKING,3:4,UNKNOWN
violao_teste_120bpm.wav,5.759,A1,Am,0.884,Am,A,minor,0.873,--,--,0.0,0.0,0,0.0,0.0767,--,OFF,TRACKING,3:4,UNKNOWN
violao_teste_120bpm.wav,5.851,A1,Am,0.889,Am,A,minor,0.877,--,--,0.0,0.0,0,0.0,0.0555,--,OFF,TRACKING,3:4,UNKNOWN
violao_teste_120bpm.wav,5.944,F2,Am,0.779,Am,A,minor,0.853,--,--,0.0,0.0,0,0.0,0.09438,--,OFF,TRACKING,3:4,UNKNOWN
violao_teste_120bpm.wav,6.037,F1,F/C,0.805,Am,A,minor,0.747,F,F,0.74,0.0,1,92.9,0.24767,--,OFF,TRACKING,4:1,INTRO
violao_teste_120bpm.wav,6.13,F1,F/C,0.799,Am,A,minor,0.642,F,F,0.737,92.9,2,185.8,0.19224,--,OFF,TRACKING,4:1,INTRO
violao_teste_120bpm.wav,6.223,F1,F/C,0.779,F,F,major,0.728,--,--,0.0,0.0,0,0.0,0.14005,--,OFF,TRACKING,4:1,INTRO
violao_teste_120bpm.wav,6.316,F1,F/C,0.764,F,F,major,0.737,--,--,0.0,0.0,0,0.0,0.10113,--,OFF,TRACKING,4:1,INTRO
violao_teste_120bpm.wav,6.409,F1,F/C,0.754,F,F,major,0.741,--,--,0.0,0.0,0,0.0,0.07619,--,OFF,TRACKING,4:1,INTRO
violao_teste_120bpm.wav,6.502,B2,F/C,0.727,F,F,major,0.738,--,--,0.0,0.0,0,0.0,0.19931,--,OFF,TRACKING,4:1,INTRO
violao_teste_120bpm.wav,6.594,F1,F/C,0.764,F,F,major,0.744,--,--,0.0,0.0,0,0.0,0.18182,--,OFF,TRACKING,4:2,INTRO
violao_teste_120bpm.wav,6.687,F1,F/C,0.772,F,F,major,0.751,--,--,0.0,0.0,0,0.0,0.12995,--,OFF,TRACKING,4:2,INTRO
violao_teste_120bpm.wav,6.78,F1,F/C,0.771,F,F,major,0.756,--,--,0.0,0.0,0,0.0,0.09469,--,OFF,TRACKING,4:2,INTRO
violao_teste_120bpm.wav,6.873,F1,F/C,0.764,F,F,major,0.758,--,--,0.0,0.0,0,0.0,0.06947,--,OFF,TRACKING,4:2,INTRO
violao_teste_120bpm.wav,6.966,B2,F,0.681,F,F,major,0.739,--,--,0.0,0.0,0,0.0,0.13215,--,OFF,TRACKING,4:2,INTRO
violao_teste_120bpm.wav,7.059,C3,F/C,0.72,F,F,major,0.734,--,--,0.0,0.0,0,0.0,0.24316,--,OFF,TRACKING,4:3,INTRO
violao_teste_120bpm.wav,7.152,F1,F/C,0.729,F,F,major,0.733,--,--,0.0,0.0,0,0.0,0.18204,--,OFF,TRACKING,4:3,INTRO
violao_teste_120bpm.wav,7.245,F1,F/C,0.729,F,F,major,0.732,--,--,0.0,0.0,0,0.0,0.1299,--,OFF,TRACKING,4:3,INTRO
violao_teste_120bpm.wav,7.338,F1,F/C,0.727,F,F,major,0.731,--,--,0.0,0.0,0,0.0,0.0955,--,OFF,TRACKING,4:3,INTRO
violao_teste_120bpm.wav,7.43,F1,F/C,0.726,F,F,major,0.729,--,--,0.0,0.0,0,0.0,0.074,--,OFF,TRACKING,4:3,INTRO
violao_teste_120bpm.wav,7.523,F1,F/C,0.802,F,F,major,0.748,--,--,0.0,0.0,0,0.0,0.17148,--,OFF,TRACKING,4:3,INTRO
violao_teste_120bpm.wav,7.616,F1,F/C,0.802,F,F,major,0.761,--,--,0.0,0.0,0,0.0,0.15419,--,OFF,TRACKING,4:4,INTRO
violao_teste_120bpm.wav,7.709,F1,F/C,0.794,F,F,major,0.769,--,--,0.0,0.0,0,0.0,0.1091,--,OFF,TRACKING,4:4,INTRO
violao_teste_120bpm.wav,7.802,F1,F/C,0.784,F,F,major,0.773,--,--,0.0,0.0,0,0.0,0.07782,--,OFF,TRACKING,4:4,INTRO
violao_teste_120bpm.wav,7.895,F1,F/C,0.779,F,F,major,0.774,--,--,0.0,0.0,0,0.0,0.05574,--,OFF,TRACKING,4:4,INTRO
violao_teste_120bpm.wav,7.988,C3,C,0.748,F,F,major,0.679,C,C,0.748,0.0,1,92.9,0.18552,--,OFF,TRACKING,4:4,INTRO
violao_teste_120bpm.wav,8.081,C2,C,0.784,F,F,major,0.583,C,C,0.77,92.9,2,185.8,0.19387,--,OFF,TRACKING,5:1,INTRO
violao_teste_120bpm.wav,8.173,C2,C,0.787,C,C,major,0.777,--,--,0.0,0.0,0,0.0,0.13476,--,OFF,TRACKING,5:1,INTRO
violao_teste_120bpm.wav,8.266,C2,C,0.775,C,C,major,0.777,--,--,0.0,0.0,0,0.0,0.09703,--,OFF,TRACKING,5:1,INTRO
violao_teste_120bpm.wav,8.359,C2,C,0.763,C,C,major,0.773,--,--,0.0,0.0,0,0.0,0.06724,--,OFF,TRACKING,5:1,INTRO
violao_teste_120bpm.wav,8.452,C3,C,0.665,C,C,major,0.746,--,--,0.0,0.0,0,0.0,0.0957,--,OFF,TRACKING,5:1,INTRO
violao_teste_120bpm.wav,8.545,C2,C,0.745,C,C,major,0.746,--,--,0.0,0.0,0,0.0,0.13738,--,OFF,TRACKING,5:1,INTRO
violao_teste_120bpm.wav,8.638,C2,C,0.781,C,C,major,0.755,--,--,0.0,0.0,0,0.0,0.09763,--,OFF,TRACKING,5:2,INTRO
violao_teste_120bpm.wav,8.731,C2,C,0.794,C,C,major,0.765,--,--,0.0,0.0,0,0.0,0.07004,--,OFF,TRACKING,5:2,INTRO
violao_teste_120bpm.wav,8.824,C2,C,0.795,C,C,major,0.772,--,--,0.0,0.0,0,0.0,0.0508,--,OFF,TRACKING,5:2,INTRO
violao_teste_120bpm.wav,8.916,C2,C,0.79,C,C,major,0.777,--,--,0.0,0.0,0,0.0,0.05277,--,OFF,TRACKING,5:2,INTRO
violao_teste_120bpm.wav,9.009,C3,C,0.796,C,C,major,0.782,--,--,0.0,0.0,0,0.0,0.21441,--,OFF,TRACKING,5:2,INTRO
violao_teste_120bpm.wav,9.102,C2,C,0.796,C,C,major,0.785,--,--,0.0,0.0,0,0.0,0.19088,--,OFF,TRACKING,5:3,INTRO
violao_teste_120bpm.wav,9.195,C2,C,0.785,C,C,major,0.785,--,--,0.0,0.0,0,0.0,0.1341,--,OFF,TRACKING,5:3,INTRO
violao_teste_120bpm.wav,9.288,C2,C,0.77,C,C,major,0.781,--,--,0.0,0.0,0,0.0,0.09452,--,OFF,TRACKING,5:3,INTRO
violao_teste_120bpm.wav,9.381,C2,C,0.756,C,C,major,0.775,--,--,0.0,0.0,0,0.0,0.06778,--,OFF,TRACKING,5:3,INTRO
violao_teste_120bpm.wav,9.474,C3,C,0.729,C,C,major,0.764,--,--,0.0,0.0,0,0.0,0.12342,--,OFF,TRACKING,5:3,INTRO
violao_teste_120bpm.wav,9.567,C2,C,0.78,C,C,major,0.768,--,--,0.0,0.0,0,0.0,0.17205,--,OFF,TRACKING,5:4,INTRO
violao_teste_120bpm.wav,9.66,C2,C,0.793,C,C,major,0.774,--,--,0.0,0.0,0,0.0,0.11712,--,OFF,TRACKING,5:4,INTRO
violao_teste_120bpm.wav,9.752,C2,C,0.793,C,C,major,0.779,--,--,0.0,0.0,0,0.0,0.08545,--,OFF,TRACKING,5:4,INTRO
violao_teste_120bpm.wav,9.845,C2,C,0.788,C,C,major,0.781,--,--,0.0,0.0,0,0.0,0.06016,--,OFF,TRACKING,5:4,INTRO
violao_teste_120bpm.wav,9.938,C3,C,0.77,C,C,major,0.778,--,--,0.0,0.0,0,0.0,0.08099,--,OFF,TRACKING,5:4,INTRO
violao_teste_120bpm.wav,10.031,C3,C,0.74,C,C,major,0.769,--,--,0.0,0.0,0,0.0,0.2105,--,OFF,TRACKING,5:4,INTRO
violao_teste_120bpm.wav,10.124,C3,G/D,0.835,C,C,major,0.674,G,G,0.768,0.0,1,92.9,0.1672,--,OFF,TRACKING,6:1,INTRO
violao_teste_120bpm.wav,10.217,C3,G,0.849,C,C,major,0.578,G,G,0.811,92.9,2,185.8,0.1217,--,OFF,TRACKING,6:1,INTRO
violao_teste_120bpm.wav,10.31,C3,G,0.837,G,G,major,0.822,--,--,0.0,0.0,0,0.0,0.08866,--,OFF,TRACKING,6:1,INTRO
violao_teste_120bpm.wav,10.403,C3,G,0.829,G,G,major,0.824,--,--,0.0,0.0,0,0.0,0.06279,--,OFF,TRACKING,6:1,INTRO
violao_teste_120bpm.wav,10.495,B2,G,0.806,G,G,major,0.819,--,--,0.0,0.0,0,0.0,0.15257,--,OFF,TRACKING,6:1,INTRO
violao_teste_120bpm.wav,10.588,C3,G,0.88,G,G,major,0.834,--,--,0.0,0.0,0,0.0,0.13891,--,OFF,TRACKING,6:2,INTRO
violao_teste_120bpm.wav,10.681,C3,G,0.909,G,G,major,0.853,--,--,0.0,0.0,0,0.0,0.10212,--,OFF,TRACKING,6:2,INTRO
violao_teste_120bpm.wav,10.774,C3,G,0.905,G,G,major,0.866,--,--,0.0,0.0,0,0.0,0.07698,--,OFF,TRACKING,6:2,INTRO
violao_teste_120bpm.wav,10.867,C3,G,0.896,G,G,major,0.874,--,--,0.0,0.0,0,0.0,0.05551,--,OFF,TRACKING,6:2,INTRO
violao_teste_120bpm.wav,10.96,B2,G,0.817,G,G,major,0.859,--,--,0.0,0.0,0,0.0,0.13491,--,OFF,TRACKING,6:2,INTRO
violao_teste_120bpm.wav,11.053,C3,G,0.854,G,G,major,0.858,--,--,0.0,0.0,0,0.0,0.22036,--,OFF,TRACKING,6:2,INTRO
violao_teste_120bpm.wav,11.146,C3,G,0.859,G,G,major,0.858,--,--,0.0,0.0,0,0.0,0.17575,--,OFF,TRACKING,6:3,INTRO
violao_teste_120bpm.wav,11.238,C3,G,0.851,G,G,major,0.857,--,--,0.0,0.0,0,0.0,0.12617,--,OFF,TRACKING,6:3,INTRO
violao_teste_120bpm.wav,11.331,C3,G,0.84,G,G,major,0.852,--,--,0.0,0.0,0,0.0,0.09124,--,OFF,TRACKING,6:3,INTRO
violao_teste_120bpm.wav,11.424,C3,G,0.828,G,G,major,0.846,--,--,0.0,0.0,0,0.0,0.06905,--,OFF,TRACKING,6:3,INTRO
violao_teste_120bpm.wav,11.517,B2,G,0.809,G,G,major,0.837,--,--,0.0,0.0,0,0.0,0.1477,--,OFF,TRACKING,6:3,INTRO
violao_teste_120bpm.wav,11.61,C3,G,0.877,G,G,major,0.847,--,--,0.0,0.0,0,0.0,0.14119,--,OFF,TRACKING,6:4,INTRO
violao_teste_120bpm.wav,11.703,C3,G,0.896,G,G,major,0.859,--,--,0.0,0.0,0,0.0,0.10231,--,OFF,TRACKING,6:4,INTRO
violao_teste_120bpm.wav,11.796,C3,G,0.9,G,G,major,0.87,--,--,0.0,0.0,0,0.0,0.07399,--,OFF,TRACKING,6:4,INTRO
violao_teste_120bpm.wav,11.889,C3,G,0.896,G,G,major,0.876,--,--,0.0,0.0,0,0.0,0.05349,--,OFF,TRACKING,6:4,INTRO
violao_teste_120bpm.wav,11.981,A1,G,0.656,G,G,major,0.821,--,--,0.0,0.0,0,0.0,0.17697,--,OFF,TRACKING,6:4,INTRO
violao_teste_120bpm.wav,12.074,G#1,Am,0.796,G,G,major,0.719,Am,A,0.796,0.0,1,92.9,0.19464,--,OFF,TRACKING,7:1,INTRO
violao_teste_120bpm.wav,12.167,A1,Am,0.861,G,G,major,0.618,Am,A,0.835,92.9,2,185.8,0.1399,--,OFF,TRACKING,7:1,INTRO
violao_teste_120bpm.wav,12.26,A1,Am,0.881,Am,A,minor,0.856,--,--,0.0,0.0,0,0.0,0.10169,--,OFF,TRACKING,7:1,INTRO
violao_teste_120bpm.wav,12.353,A1,Am,0.889,Am,A,minor,0.864,--,--,0.0,0.0,0,0.0,0.0749,--,OFF,TRACKING,7:1,INTRO
violao_teste_120bpm.wav,12.446,B2,Am,0.808,Am,A,minor,0.85,--,--,0.0,0.0,0,0.0,0.08738,--,OFF,TRACKING,7:1,INTRO
violao_teste_120bpm.wav,12.539,A1,Am,0.875,Am,A,minor,0.856,--,--,0.0,0.0,0,0.0,0.18167,--,OFF,TRACKING,7:1,INTRO
violao_teste_120bpm.wav,12.632,A1,Am,0.898,Am,A,minor,0.867,--,--,0.0,0.0,0,0.0,0.13458,--,OFF,TRACKING,7:2,INTRO
violao_teste_120bpm.wav,12.725,A1,Am,0.9,Am,A,minor,0.875,--,--,0.0,0.0,0,0.0,0.09614,--,OFF,TRACKING,7:2,INTRO
violao_teste_120bpm.wav,12.817,A1,Am,0.895,Am,A,minor,0.88,--,--,0.0,0.0,0,0.0,0.06812,--,OFF,TRACKING,7:2,INTRO
violao_teste_120bpm.wav,12.91,A1,Am,0.889,Am,A,minor,0.882,--,--,0.0,0.0,0,0.0,0.05349,--,OFF,TRACKING,7:2,INTRO
violao_teste_120bpm.wav,13.003,A1,Am,0.834,Am,A,minor,0.87,--,--,0.0,0.0,0,0.0,0.20102,--,OFF,TRACKING,7:2,INTRO
violao_teste_120bpm.wav,13.096,A1,Am,0.885,Am,A,minor,0.874,--,--,0.0,0.0,0,0.0,0.20334,--,OFF,TRACKING,7:3,INTRO
violao_teste_120bpm.wav,13.189,A1,Am,0.902,Am,A,minor,0.881,--,--,0.0,0.0,0,0.0,0.14426,--,OFF,TRACKING,7:3,INTRO
violao_teste_120bpm.wav,13.282,A1,Am,0.907,Am,A,minor,0.887,--,--,0.0,0.0,0,0.0,0.10298,--,OFF,TRACKING,7:3,INTRO
violao_teste_120bpm.wav,13.375,A1,Am,0.906,Am,A,minor,0.892,--,--,0.0,0.0,0,0.0,0.07278,--,OFF,TRACKING,7:3,INTRO
violao_teste_120bpm.wav,13.468,A2,Am,0.785,Am,A,minor,0.865,--,--,0.0,0.0,0,0.0,0.10367,--,OFF,TRACKING,7:3,INTRO
violao_teste_120bpm.wav,13.56,G#1,Am,0.846,Am,A,minor,0.861,--,--,0.0,0.0,0,0.0,0.15481,--,OFF,TRACKING,7:3,INTRO
violao_teste_120bpm.wav,13.653,G#1,Am,0.868,Am,A,minor,0.862,--,--,0.0,0.0,0,0.0,0.10932,--,OFF,TRACKING,7:4,INTRO
violao_teste_120bpm.wav,13.746,G#1,Am,0.88,Am,A,minor,0.867,--,--,0.0,0.0,0,0.0,0.07693,--,OFF,TRACKING,7:4,INTRO
violao_teste_120bpm.wav,13.839,A1,Am,0.888,Am,A,minor,0.872,--,--,0.0,0.0,0,0.0,0.05623,--,OFF,TRACKING,7:4,INTRO
violao_teste_120bpm.wav,13.932,G#1,Am,0.869,Am,A,minor,0.871,--,--,0.0,0.0,0,0.0,0.08217,--,OFF,TRACKING,7:4,INTRO
violao_teste_120bpm.wav,14.025,F1,F/C,0.815,Am,A,minor,0.763,F,F,0.749,0.0,1,92.9,0.24,--,OFF,TRACKING,7:4,INTRO
violao_teste_120bpm.wav,14.118,F1,F/C,0.804,Am,A,minor,0.655,F,F,0.744,92.9,2,185.8,0.19744,--,OFF,TRACKING,8:1,VERSE
violao_teste_120bpm.wav,14.211,F1,F/C,0.78,F,F,major,0.732,--,--,0.0,0.0,0,0.0,0.14315,--,OFF,TRACKING,8:1,VERSE
violao_teste_120bpm.wav,14.303,F1,F/C,0.762,F,F,major,0.739,--,--,0.0,0.0,0,0.0,0.10542,--,OFF,TRACKING,8:1,VERSE
violao_teste_120bpm.wav,14.396,F1,F/C,0.75,F,F,major,0.742,--,--,0.0,0.0,0,0.0,0.07512,--,OFF,TRACKING,8:1,VERSE
violao_teste_120bpm.wav,14.489,B2,F/C,0.692,F,F,major,0.73,--,--,0.0,0.0,0,0.0,0.19039,--,OFF,TRACKING,8:1,VERSE
violao_teste_120bpm.wav,14.582,F1,F/C,0.754,F,F,major,0.736,--,--,0.0,0.0,0,0.0,0.19109,--,OFF,TRACKING,8:2,VERSE
violao_teste_120bpm.wav,14.675,F1,F/C,0.776,F,F,major,0.746,--,--,0.0,0.0,0,0.0,0.13602,--,OFF,TRACKING,8:2,VERSE
violao_teste_120bpm.wav,14.768,F1,F/C,0.777,F,F,major,0.753,--,--,0.0,0.0,0,0.0,0.09994,--,OFF,TRACKING,8:2,VERSE
violao_teste_120bpm.wav,14.861,F1,F/C,0.771,F,F,major,0.758,--,--,0.0,0.0,0,0.0,0.07358,--,OFF,TRACKING,8:2,VERSE
violao_teste_120bpm.wav,14.954,B2,F,0.713,F,F,major,0.746,--,--,0.0,0.0,0,0.0,0.12029,--,OFF,TRACKING,8:2,VERSE
violao_teste_120bpm.wav,15.047,C3,F/C,0.733,F,F,major,0.743,--,--,0.0,0.0,0,0.0,0.23252,--,OFF,TRACKING,8:2,VERSE
violao_teste_120bpm.wav,15.139,F1,F/C,0.739,F,F,major,0.742,--,--,0.0,0.0,0,0.0,0.19581,--,OFF,TRACKING,8:3,VERSE
violao_teste_120bpm.wav,15.232,F1,F/C,0.734,F,F,major,0.74,--,--,0.0,0.0,0,0.0,0.13877,--,OFF,TRACKING,8:3,VERSE
violao_teste_120bpm.wav,15.325,F1,F/C,0.73,F,F,major,0.738,--,--,0.0,0.0,0,0.0,0.0981,--,OFF,TRACKING,8:3,VERSE
violao_teste_120bpm.wav,15.418,F1,F/C,0.73,F,F,major,0.736,--,--,0.0,0.0,0,0.0,0.07179,--,OFF,TRACKING,8:3,VERSE
violao_teste_120bpm.wav,15.511,F1,F/C,0.776,F,F,major,0.746,--,--,0.0,0.0,0,0.0,0.16094,--,OFF,TRACKING,8:3,VERSE
violao_teste_120bpm.wav,15.604,F1,F/C,0.791,F,F,major,0.757,--,--,0.0,0.0,0,0.0,0.16605,--,OFF,TRACKING,8:4,VERSE
violao_teste_120bpm.wav,15.697,F1,F/C,0.789,F,F,major,0.765,--,--,0.0,0.0,0,0.0,0.11422,--,OFF,TRACKING,8:4,VERSE
violao_teste_120bpm.wav,15.79,F1,F/C,0.782,F,F,major,0.769,--,--,0.0,0.0,0,0.0,0.07908,--,OFF,TRACKING,8:4,VERSE
violao_teste_120bpm.wav,15.882,F1,F/C,0.778,F,F,major,0.771,--,--,0.0,0.0,0,0.0,0.05772,--,OFF,TRACKING,8:4,VERSE
test_song_120bpm.wav,0.0,C2,C,0.986,C,C,major,0.986,--,--,0.0,0.0,0,0.0,0.30719,--,OFF,TRACKING,1:1,UNKNOWN
test_song_120bpm.wav,0.093,C2,C,0.988,C,C,major,0.986,--,--,0.0,0.0,0,0.0,0.32573,--,OFF,TRACKING,1:1,UNKNOWN
test_song_120bpm.wav,0.186,C2,C,0.989,C,C,major,0.987,--,--,0.0,0.0,0,0.0,0.32594,--,OFF,TRACKING,1:1,UNKNOWN
test_song_120bpm.wav,0.279,C2,C,0.99,C,C,major,0.988,--,--,0.0,0.0,0,0.0,0.32245,--,OFF,TRACKING,1:1,UNKNOWN
test_song_120bpm.wav,0.372,C2,C,0.988,C,C,major,0.988,--,--,0.0,0.0,0,0.0,0.30755,--,OFF,TRACKING,1:1,UNKNOWN
test_song_120bpm.wav,0.464,C2,C,0.984,C,C,major,0.987,--,--,0.0,0.0,0,0.0,0.3076,--,OFF,TRACKING,1:1,UNKNOWN
test_song_120bpm.wav,0.557,C2,C,0.982,C,C,major,0.986,--,--,0.0,0.0,0,0.0,0.31749,--,OFF,TRACKING,1:2,UNKNOWN
test_song_120bpm.wav,0.65,C2,C,0.984,C,C,major,0.985,--,--,0.0,0.0,0,0.0,0.31407,--,OFF,TRACKING,1:2,UNKNOWN
test_song_120bpm.wav,0.743,C2,C,0.987,C,C,major,0.986,--,--,0.0,0.0,0,0.0,0.31592,--,OFF,TRACKING,1:2,UNKNOWN
test_song_120bpm.wav,0.836,C2,C,0.989,C,C,major,0.986,--,--,0.0,0.0,0,0.0,0.32567,--,OFF,TRACKING,1:2,UNKNOWN
test_song_120bpm.wav,0.929,C2,C,0.989,C,C,major,0.987,--,--,0.0,0.0,0,0.0,0.32802,--,OFF,TRACKING,1:2,UNKNOWN
test_song_120bpm.wav,1.022,C2,C,0.988,C,C,major,0.988,--,--,0.0,0.0,0,0.0,0.3296,--,OFF,TRACKING,1:3,UNKNOWN
test_song_120bpm.wav,1.115,C2,C,0.988,C,C,major,0.988,--,--,0.0,0.0,0,0.0,0.33507,--,OFF,TRACKING,1:3,UNKNOWN
test_song_120bpm.wav,1.207,C2,C,0.988,C,C,major,0.988,--,--,0.0,0.0,0,0.0,0.32661,--,OFF,TRACKING,1:3,UNKNOWN
test_song_120bpm.wav,1.3,C2,C,0.989,C,C,major,0.988,--,--,0.0,0.0,0,0.0,0.31836,--,OFF,TRACKING,1:3,UNKNOWN
test_song_120bpm.wav,1.393,C2,C,0.99,C,C,major,0.988,--,--,0.0,0.0,0,0.0,0.32025,--,OFF,TRACKING,1:3,UNKNOWN
test_song_120bpm.wav,1.486,C2,C,0.988,C,C,major,0.988,--,--,0.0,0.0,0,0.0,0.3197,--,OFF,TRACKING,1:3,UNKNOWN
test_song_120bpm.wav,1.579,C2,C,0.985,C,C,major,0.987,--,--,0.0,0.0,0,0.0,0.3109,--,OFF,TRACKING,1:4,UNKNOWN
test_song_120bpm.wav,1.672,C2,C,0.982,C,C,major,0.986,--,--,0.0,0.0,0,0.0,0.31065,--,OFF,TRACKING,1:4,UNKNOWN
test_song_120bpm.wav,1.765,C2,C,0.983,C,C,major,0.985,--,--,0.0,0.0,0,0.0,0.31435,--,OFF,TRACKING,1:4,UNKNOWN
test_song_120bpm.wav,1.858,C2,C,0.987,C,C,major,0.986,--,--,0.0,0.0,0,0.0,0.31598,--,OFF,TRACKING,1:4,UNKNOWN
test_song_120bpm.wav,1.95,C#4,C/G,0.863,C,C,major,0.955,--,--,0.0,0.0,0,0.0,0.2582,--,OFF,TRACKING,1:4,UNKNOWN
test_song_120bpm.wav,2.043,G1,G,0.902,C,C,major,0.837,G,G,0.902,0.0,1,92.9,0.32836,--,OFF,TRACKING,2:1,UNKNOWN
test_song_120bpm.wav,2.136,G1,G,0.956,C,C,major,0.718,G,G,0.934,92.9,2,185.8,0.32212,--,OFF,TRACKING,2:1,UNKNOWN
test_song_120bpm.wav,2.229,G1,G,0.968,G,G,major,0.95,--,--,0.0,0.0,0,0.0,0.33121,--,OFF,TRACKING,2:1,UNKNOWN
test_song_120bpm.wav,2.322,G1,G,0.972,G,G,major,0.956,--,--,0.0,0.0,0,0.0,0.32317,--,OFF,TRACKING,2:1,UNKNOWN
test_song_120bpm.wav,2.415,G1,G,0.973,G,G,major,0.96,--,--,0.0,0.0,0,0.0,0.30673,--,OFF,TRACKING,2:1,UNKNOWN
test_song_120bpm.wav,2.508,G1,G,0.97,G,G,major,0.962,--,--,0.0,0.0,0,0.0,0.3205,--,OFF,TRACKING,2:2,UNKNOWN
test_song_120bpm.wav,2.601,G1,G,0.965,G,G,major,0.963,--,--,0.0,0.0,0,0.0,0.31521,--,OFF,TRACKING,2:2,UNKNOWN
test_song_120bpm.wav,2.694,G1,G,0.961,G,G,major,0.963,--,--,0.0,0.0,0,0.0,0.30541,--,OFF,TRACKING,2:2,UNKNOWN
test_song_120bpm.wav,2.786,G1,G,0.961,G,G,major,0.962,--,--,0.0,0.0,0,0.0,0.31337,--,OFF,TRACKING,2:2,UNKNOWN
test_song_120bpm.wav,2.879,G1,G,0.965,G,G,major,0.963,--,--,0.0,0.0,0,0.0,0.31583,--,OFF,TRACKING,2:2,UNKNOWN
test_song_120bpm.wav,2.972,G1,G,0.968,G,G,major,0.964,--,--,0.0,0.0,0,0.0,0.31822,--,OFF,TRACKING,2:2,UNKNOWN
test_song_120bpm.wav,3.065,G1,G,0.973,G,G,major,0.966,--,--,0.0,0.0,0,0.0,0.32426,--,OFF,TRACKING,2:3,UNKNOWN
test_song_120bpm.wav,3.158,G1,G,0.975,G,G,major,0.968,--,--,0.0,0.0,0,0.0,0.3228,--,OFF,TRACKING,2:3,UNKNOWN
test_song_120bpm.wav,3.251,G1,G,0.975,G,G,major,0.97,--,--,0.0,0.0,0,0.0,0.32778,--,OFF,TRACKING,2:3,UNKNOWN
test_song_120bpm.wav,3.344,G1,G,0.974,G,G,major,0.971,--,--,0.0,0.0,0,0.0,0.33669,--,OFF,TRACKING,2:3,UNKNOWN
test_song_120bpm.wav,3.437,G1,G,0.974,G,G,major,0.972,--,--,0.0,0.0,0,0.0,0.32546,--,OFF,TRACKING,2:3,UNKNOWN
test_song_120bpm.wav,3.529,G1,G,0.974,G,G,major,0.972,--,--,0.0,0.0,0,0.0,0.3261,--,OFF,TRACKING,2:4,UNKNOWN
test_song_120bpm.wav,3.622,G1,G,0.974,G,G,major,0.973,--,--,0.0,0.0,0,0.0,0.33574,--,OFF,TRACKING,2:4,UNKNOWN
test_song_120bpm.wav,3.715,G1,G,0.975,G,G,major,0.973,--,--,0.0,0.0,0,0.0,0.32253,--,OFF,TRACKING,2:4,UNKNOWN
test_song_120bpm.wav,3.808,G1,G,0.975,G,G,major,0.974,--,--,0.0,0.0,0,0.0,0.31138,--,OFF,TRACKING,2:4,UNKNOWN
test_song_120bpm.wav,3.901,G1,G,0.969,G,G,major,0.973,--,--,0.0,0.0,0,0.0,0.28732,--,OFF,TRACKING,2:4,UNKNOWN
test_song_120bpm.wav,3.994,A1,Am,0.734,G,G,major,0.852,Am,A,0.734,0.0,1,92.9,0.29152,--,OFF,TRACKING,2:4,UNKNOWN
test_song_120bpm.wav,4.087,A1,Am,0.931,G,G,major,0.732,Am,A,0.861,92.9,2,185.8,0.33436,--,OFF,TRACKING,3:1,UNKNOWN
test_song_120bpm.wav,4.18,A1,Am,0.969,Am,A,minor,0.914,--,--,0.0,0.0,0,0.0,0.32693,--,OFF,TRACKING,3:1,UNKNOWN
test_song_120bpm.wav,4.272,A1,Am,0.979,Am,A,minor,0.93,--,--,0.0,0.0,0,0.0,0.3243,--,OFF,TRACKING,3:1,UNKNOWN
test_song_120bpm.wav,4.365,A1,Am,0.982,Am,A,minor,0.943,--,--,0.0,0.0,0,0.0,0.32054,--,OFF,TRACKING,3:1,UNKNOWN
test_song_120bpm.wav,4.458,A1,Am,0.98,Am,A,minor,0.952,--,--,0.0,0.0,0,0.0,0.30953,--,OFF,TRACKING,3:1,UNKNOWN
test_song_120bpm.wav,4.551,A1,Am,0.977,Am,A,minor,0.958,--,--,0.0,0.0,0,0.0,0.3055,--,OFF,TRACKING,3:2,UNKNOWN
test_song_120bpm.wav,4.644,A1,Am,0.974,Am,A,minor,0.962,--,--,0.0,0.0,0,0.0,0.31605,--,OFF,TRACKING,3:2,UNKNOWN
test_song_120bpm.wav,4.737,A1,Am,0.974,Am,A,minor,0.965,--,--,0.0,0.0,0,0.0,0.31478,--,OFF,TRACKING,3:2,UNKNOWN
test_song_120bpm.wav,4.83,A1,Am,0.978,Am,A,minor,0.968,--,--,0.0,0.0,0,0.0,0.31603,--,OFF,TRACKING,3:2,UNKNOWN
test_song_120bpm.wav,4.923,A1,Am,0.981,Am,A,minor,0.972,--,--,0.0,0.0,0,0.0,0.32587,--,OFF,TRACKING,3:2,UNKNOWN
test_song_120bpm.wav,5.016,A1,Am,0.984,Am,A,minor,0.975,--,--,0.0,0.0,0,0.0,0.32403,--,OFF,TRACKING,3:3,UNKNOWN
test_song_120bpm.wav,5.108,A1,Am,0.984,Am,A,minor,0.977,--,--,0.0,0.0,0,0.0,0.32057,--,OFF,TRACKING,3:3,UNKNOWN
test_song_120bpm.wav,5.201,A1,Am,0.984,Am,A,minor,0.979,--,--,0.0,0.0,0,0.0,0.32696,--,OFF,TRACKING,3:3,UNKNOWN
test_song_120bpm.wav,5.294,A1,Am,0.983,Am,A,minor,0.98,--,--,0.0,0.0,0,0.0,0.33679,--,OFF,TRACKING,3:3,UNKNOWN
test_song_120bpm.wav,5.387,A1,Am,0.983,Am,A,minor,0.981,--,--,0.0,0.0,0,0.0,0.32933,--,OFF,TRACKING,3:3,UNKNOWN
test_song_120bpm.wav,5.48,A1,Am,0.983,Am,A,minor,0.981,--,--,0.0,0.0,0,0.0,0.33113,--,OFF,TRACKING,3:3,UNKNOWN
test_song_120bpm.wav,5.573,A1,Am,0.984,Am,A,minor,0.982,--,--,0.0,0.0,0,0.0,0.32888,--,OFF,TRACKING,3:4,UNKNOWN
test_song_120bpm.wav,5.666,A1,Am,0.984,Am,A,minor,0.982,--,--,0.0,0.0,0,0.0,0.31843,--,OFF,TRACKING,3:4,UNKNOWN
test_song_120bpm.wav,5.759,A1,Am,0.983,Am,A,minor,0.983,--,--,0.0,0.0,0,0.0,0.31764,--,OFF,TRACKING,3:4,UNKNOWN
test_song_120bpm.wav,5.851,A1,Am,0.98,Am,A,minor,0.982,--,--,0.0,0.0,0,0.0,0.31162,--,OFF,TRACKING,3:4,UNKNOWN
test_song_120bpm.wav,5.944,C4,Am,0.929,Am,A,minor,0.969,--,--,0.0,0.0,0,0.0,0.24164,--,OFF,TRACKING,3:4,UNKNOWN
test_song_120bpm.wav,6.037,F1,F,0.887,Am,A,minor,0.849,F,F,0.887,0.0,1,92.9,0.33255,--,OFF,TRACKING,4:1,INTRO
test_song_120bpm.wav,6.13,F1,F,0.939,Am,A,minor,0.729,F,F,0.918,92.9,2,185.8,0.33332,--,OFF,TRACKING,4:1,INTRO
test_song_120bpm.wav,6.223,F1,F,0.956,F,F,major,0.935,--,--,0.0,0.0,0,0.0,0.32654,--,OFF,TRACKING,4:1,INTRO
test_song_120bpm.wav,6.316,F1,F,0.962,F,F,major,0.942,--,--,0.0,0.0,0,0.0,0.31649,--,OFF,TRACKING,4:1,INTRO
test_song_120bpm.wav,6.409,F1,F,0.964,F,F,major,0.947,--,--,0.0,0.0,0,0.0,0.3158,--,OFF,TRACKING,4:1,INTRO
test_song_120bpm.wav,6.502,F1,F,0.963,F,F,major,0.951,--,--,0.0,0.0,0,0.0,0.3169,--,OFF,TRACKING,4:2,INTRO
test_song_120bpm.wav,6.594,F1,F,0.959,F,F,major,0.953,--,--,0.0,0.0,0,0.0,0.32143,--,OFF,TRACKING,4:2,INTRO
test_song_120bpm.wav,6.687,F1,F,0.955,F,F,major,0.954,--,--,0.0,0.0,0,0.0,0.31454,--,OFF,TRACKING,4:2,INTRO
test_song_120bpm.wav,6.78,F1,F,0.95,F,F,major,0.953,--,--,0.0,0.0,0,0.0,0.30965,--,OFF,TRACKING,4:2,INTRO
test_song_120bpm.wav,6.873,F1,F,0.947,F,F,major,0.951,--,--,0.0,0.0,0,0.0,0.31023,--,OFF,TRACKING,4:2,INTRO
test_song_120bpm.wav,6.966,F1,F,0.947,F,F,major,0.95,--,--,0.0,0.0,0,0.0,0.31833,--,OFF,TRACKING,4:2,INTRO
test_song_120bpm.wav,7.059,F1,F,0.953,F,F,major,0.951,--,--,0.0,0.0,0,0.0,0.31257,--,OFF,TRACKING,4:3,INTRO
test_song_120bpm.wav,7.152,F1,F,0.958,F,F,major,0.953,--,--,0.0,0.0,0,0.0,0.31188,--,OFF,TRACKING,4:3,INTRO
test_song_120bpm.wav,7.245,F1,F,0.962,F,F,major,0.955,--,--,0.0,0.0,0,0.0,0.31739,--,OFF,TRACKING,4:3,INTRO
test_song_120bpm.wav,7.338,F1,F,0.964,F,F,major,0.957,--,--,0.0,0.0,0,0.0,0.32486,--,OFF,TRACKING,4:3,INTRO
test_song_120bpm.wav,7.43,F1,F,0.964,F,F,major,0.959,--,--,0.0,0.0,0,0.0,0.33364,--,OFF,TRACKING,4:3,INTRO
test_song_120bpm.wav,7.523,F1,F,0.964,F,F,major,0.96,--,--,0.0,0.0,0,0.0,0.32924,--,OFF,TRACKING,4:4,INTRO
test_song_120bpm.wav,7.616,F1,F,0.965,F,F,major,0.961,--,--,0.0,0.0,0,0.0,0.32525,--,OFF,TRACKING,4:4,INTRO
test_song_120bpm.wav,7.709,F1,F,0.965,F,F,major,0.962,--,--,0.0,0.0,0,0.0,0.32683,--,OFF,TRACKING,4:4,INTRO
test_song_120bpm.wav,7.802,F1,F,0.965,F,F,major,0.963,--,--,0.0,0.0,0,0.0,0.32878,--,OFF,TRACKING,4:4,INTRO
test_song_120bpm.wav,7.895,F1,F,0.962,F,F,major,0.963,--,--,0.0,0.0,0,0.0,0.30774,--,OFF,TRACKING,4:4,INTRO
test_song_120bpm.wav,7.988,C2,C,0.86,F,F,major,0.843,C,C,0.86,0.0,1,92.9,0.283,--,OFF,TRACKING,4:4,INTRO
test_song_120bpm.wav,8.081,C2,C,0.958,F,F,major,0.724,C,C,0.92,92.9,2,185.8,0.32247,--,OFF,TRACKING,5:1,INTRO
test_song_120bpm.wav,8.173,C2,C,0.98,C,C,major,0.948,--,--,0.0,0.0,0,0.0,0.3285,--,OFF,TRACKING,5:1,INTRO
test_song_120bpm.wav,8.266,C2,C,0.986,C,C,major,0.957,--,--,0.0,0.0,0,0.0,0.32241,--,OFF,TRACKING,5:1,INTRO
test_song_120bpm.wav,8.359,C2,C,0.987,C,C,major,0.965,--,--,0.0,0.0,0,0.0,0.31293,--,OFF,TRACKING,5:1,INTRO
test_song_120bpm.wav,8.452,C2,C,0.984,C,C,major,0.969,--,--,0.0,0.0,0,0.0,0.31163,--,OFF,TRACKING,5:1,INTRO
test_song_120bpm.wav,8.545,C2,C,0.982,C,C,major,0.972,--,--,0.0,0.0,0,0.0,0.31111,--,OFF,TRACKING,5:2,INTRO
test_song_120bpm.wav,8.638,C2,C,0.983,C,C,major,0.975,--,--,0.0,0.0,0,0.0,0.31221,--,OFF,TRACKING,5:2,INTRO
test_song_120bpm.wav,8.731,C2,C,0.987,C,C,major,0.978,--,--,0.0,0.0,0,0.0,0.32194,--,OFF,TRACKING,5:2,INTRO
test_song_120bpm.wav,8.824,C2,C,0.989,C,C,major,0.981,--,--,0.0,0.0,0,0.0,0.32477,--,OFF,TRACKING,5:2,INTRO
test_song_120bpm.wav,8.916,C2,C,0.99,C,C,major,0.983,--,--,0.0,0.0,0,0.0,0.32074,--,OFF,TRACKING,5:2,INTRO
test_song_120bpm.wav,9.009,C2,C,0.989,C,C,major,0.984,--,--,0.0,0.0,0,0.0,0.32903,--,OFF,TRACKING,5:3,INTRO
test_song_120bpm.wav,9.102,C2,C,0.988,C,C,major,0.985,--,--,0.0,0.0,0,0.0,0.33523,--,OFF,TRACKING,5:3,INTRO
test_song_120bpm.wav,9.195,C2,C,0.988,C,C,major,0.986,--,--,0.0,0.0,0,0.0,0.32921,--,OFF,TRACKING,5:3,INTRO
test_song_120bpm.wav,9.288,C2,C,0.989,C,C,major,0.987,--,--,0.0,0.0,0,0.0,0.32657,--,OFF,TRACKING,5:3,INTRO
test_song_120bpm.wav,9.381,C2,C,0.99,C,C,major,0.987,--,--,0.0,0.0,0,0.0,0.3179,--,OFF,TRACKING,5:3,INTRO
test_song_120bpm.wav,9.474,C2,C,0.988,C,C,major,0.988,--,--,0.0,0.0,0,0.0,0.31384,--,OFF,TRACKING,5:3,INTRO
test_song_120bpm.wav,9.567,C2,C,0.985,C,C,major,0.987,--,--,0.0,0.0,0,0.0,0.31239,--,OFF,TRACKING,5:4,INTRO
test_song_120bpm.wav,9.66,C2,C,0.982,C,C,major,0.986,--,--,0.0,0.0,0,0.0,0.31762,--,OFF,TRACKING,5:4,INTRO
test_song_120bpm.wav,9.752,C2,C,0.983,C,C,major,0.985,--,--,0.0,0.0,0,0.0,0.31067,--,OFF,TRACKING,5:4,INTRO
test_song_120bpm.wav,9.845,C2,C,0.986,C,C,major,0.985,--,--,0.0,0.0,0,0.0,0.31049,--,OFF,TRACKING,5:4,INTRO
test_song_120bpm.wav,9.938,C2,C,0.969,C,C,major,0.981,--,--,0.0,0.0,0,0.0,0.2547,--,OFF,TRACKING,5:4,INTRO
test_song_120bpm.wav,10.031,G1,G,0.86,C,C,major,0.86,G,G,0.86,0.0,1,92.9,0.33153,--,OFF,TRACKING,6:1,INTRO
test_song_120bpm.wav,10.124,G1,G,0.95,C,C,major,0.738,G,G,0.915,92.9,2,185.8,0.33177,--,OFF,TRACKING,6:1,INTRO
test_song_120bpm.wav,10.217,G1,G,0.968,G,G,major,0.94,--,--,0.0,0.0,0,0.0,0.31984,--,OFF,TRACKING,6:1,INTRO
test_song_120bpm.wav,10.31,G1,G,0.972,G,G,major,0.948,--,--,0.0,0.0,0,0.0,0.32017,--,OFF,TRACKING,6:1,INTRO
test_song_120bpm.wav,10.403,G1,G,0.973,G,G,major,0.954,--,--,0.0,0.0,0,0.0,0.32603,--,OFF,TRACKING,6:1,INTRO
test_song_120bpm.wav,10.495,G1,G,0.971,G,G,major,0.958,--,--,0.0,0.0,0,0.0,0.3099,--,OFF,TRACKING,6:1,INTRO
test_song_120bpm.wav,10.588,G1,G,0.966,G,G,major,0.96,--,--,0.0,0.0,0,0.0,0.30516,--,OFF,TRACKING,6:2,INTRO
test_song_120bpm.wav,10.681,G1,G,0.961,G,G,major,0.961,--,--,0.0,0.0,0,0.0,0.32112,--,OFF,TRACKING,6:2,INTRO
test_song_120bpm.wav,10.774,G1,G,0.961,G,G,major,0.961,--,--,0.0,0.0,0,0.0,0.30988,--,OFF,TRACKING,6:2,INTRO
test_song_120bpm.wav,10.867,G1,G,0.964,G,G,major,0.962,--,--,0.0,0.0,0,0.0,0.30637,--,OFF,TRACKING,6:2,INTRO
test_song_120bpm.wav,10.96,G1,G,0.967,G,G,major,0.963,--,--,0.0,0.0,0,0.0,0.32221,--,OFF,TRACKING,6:2,INTRO
test_song_120bpm.wav,11.053,G1,G,0.972,G,G,major,0.965,--,--,0.0,0.0,0,0.0,0.32245,--,OFF,TRACKING,6:3,INTRO
test_song_120bpm.wav,11.146,G1,G,0.974,G,G,major,0.967,--,--,0.0,0.0,0,0.0,0.32023,--,OFF,TRACKING,6:3,INTRO
test_song_120bpm.wav,11.238,G1,G,0.975,G,G,major,0.969,--,--,0.0,0.0,0,0.0,0.33381,--,OFF,TRACKING,6:3,INTRO
test_song_120bpm.wav,11.331,G1,G,0.975,G,G,major,0.971,--,--,0.0,0.0,0,0.0,0.3289,--,OFF,TRACKING,6:3,INTRO
test_song_120bpm.wav,11.424,G1,G,0.974,G,G,major,0.971,--,--,0.0,0.0,0,0.0,0.33337,--,OFF,TRACKING,6:3,INTRO
test_song_120bpm.wav,11.517,G1,G,0.974,G,G,major,0.972,--,--,0.0,0.0,0,0.0,0.33249,--,OFF,TRACKING,6:4,INTRO
test_song_120bpm.wav,11.61,G1,G,0.974,G,G,major,0.973,--,--,0.0,0.0,0,0.0,0.32167,--,OFF,TRACKING,6:4,INTRO
test_song_120bpm.wav,11.703,G1,G,0.975,G,G,major,0.973,--,--,0.0,0.0,0,0.0,0.32577,--,OFF,TRACKING,6:4,INTRO
test_song_120bpm.wav,11.796,G1,G,0.975,G,G,major,0.974,--,--,0.0,0.0,0,0.0,0.32844,--,OFF,TRACKING,6:4,INTRO
test_song_120bpm.wav,11.889,G1,G,0.973,G,G,major,0.973,--,--,0.0,0.0,0,0.0,0.29314,--,OFF,TRACKING,6:4,INTRO
test_song_120bpm.wav,11.981,A2,Em,0.715,G,G,major,0.853,Em,E,0.715,0.0,1,92.9,0.28042,--,OFF,TRACKING,6:4,INTRO
test_song_120bpm.wav,12.074,A1,Am,0.926,G,G,major,0.732,Am,A,0.823,0.0,1,185.8,0.32474,--,OFF,TRACKING,7:1,INTRO
test_song_120bpm.wav,12.167,A1,Am,0.968,G,G,major,0.612,Am,A,0.899,92.9,2,278.6,0.32089,--,OFF,TRACKING,7:1,INTRO
test_song_120bpm.wav,12.26,A1,Am,0.979,Am,A,minor,0.933,--,--,0.0,0.0,0,0.0,0.32501,--,OFF,TRACKING,7:1,INTRO
test_song_120bpm.wav,12.353,A1,Am,0.982,Am,A,minor,0.945,--,--,0.0,0.0,0,0.0,0.32301,--,OFF,TRACKING,7:1,INTRO
test_song_120bpm.wav,12.446,A1,Am,0.98,Am,A,minor,0.954,--,--,0.0,0.0,0,0.0,0.31516,--,OFF,TRACKING,7:1,INTRO
test_song_120bpm.wav,12.539,A1,Am,0.977,Am,A,minor,0.96,--,--,0.0,0.0,0,0.0,0.31504,--,OFF,TRACKING,7:2,INTRO
test_song_120bpm.wav,12.632,A1,Am,0.974,Am,A,minor,0.963,--,--,0.0,0.0,0,0.0,0.31472,--,OFF,TRACKING,7:2,INTRO
test_song_120bpm.wav,12.725,A1,Am,0.974,Am,A,minor,0.966,--,--,0.0,0.0,0,0.0,0.30495,--,OFF,TRACKING,7:2,INTRO
test_song_120bpm.wav,12.817,A1,Am,0.978,Am,A,minor,0.969,--,--,0.0,0.0,0,0.0,0.31209,--,OFF,TRACKING,7:2,INTRO
test_song_120bpm.wav,12.91,A1,Am,0.981,Am,A,minor,0.972,--,--,0.0,0.0,0,0.0,0.3216,--,OFF,TRACKING,7:2,INTRO
test_song_120bpm.wav,13.003,A1,Am,0.984,Am,A,minor,0.975,--,--,0.0,0.0,0,0.0,0.32592,--,OFF,TRACKING,7:3,INTRO
test_song_120bpm.wav,13.096,A1,Am,0.984,Am,A,minor,0.977,--,--,0.0,0.0,0,0.0,0.3283,--,OFF,TRACKING,7:3,INTRO
test_song_120bpm.wav,13.189,A1,Am,0.984,Am,A,minor,0.979,--,--,0.0,0.0,0,0.0,0.33421,--,OFF,TRACKING,7:3,INTRO
test_song_120bpm.wav,13.282,A1,Am,0.983,Am,A,minor,0.98,--,--,0.0,0.0,0,0.0,0.32949,--,OFF,TRACKING,7:3,INTRO
test_song_120bpm.wav,13.375,A1,Am,0.983,Am,A,minor,0.981,--,--,0.0,0.0,0,0.0,0.32806,--,OFF,TRACKING,7:3,INTRO
test_song_120bpm.wav,13.468,A1,Am,0.983,Am,A,minor,0.981,--,--,0.0,0.0,0,0.0,0.33445,--,OFF,TRACKING,7:3,INTRO
test_song_120bpm.wav,13.56,A1,Am,0.984,Am,A,minor,0.982,--,--,0.0,0.0,0,0.0,0.32007,--,OFF,TRACKING,7:4,INTRO
test_song_120bpm.wav,13.653,A1,Am,0.984,Am,A,minor,0.982,--,--,0.0,0.0,0,0.0,0.31746,--,OFF,TRACKING,7:4,INTRO
test_song_120bpm.wav,13.746,A1,Am,0.983,Am,A,minor,0.983,--,--,0.0,0.0,0,0.0,0.32198,--,OFF,TRACKING,7:4,INTRO
test_song_120bpm.wav,13.839,A1,Am,0.98,Am,A,minor,0.982,--,--,0.0,0.0,0,0.0,0.31607,--,OFF,TRACKING,7:4,INTRO
test_song_120bpm.wav,13.932,C4,Am,0.956,Am,A,minor,0.976,--,--,0.0,0.0,0,0.0,0.24827,--,OFF,TRACKING,7:4,INTRO
test_song_120bpm.wav,14.025,F1,F,0.891,Am,A,minor,0.855,F,F,0.891,0.0,1,92.9,0.3251,--,OFF,TRACKING,8:1,VERSE
test_song_120bpm.wav,14.118,F1,F,0.942,Am,A,minor,0.734,F,F,0.922,92.9,2,185.8,0.32446,--,OFF,TRACKING,8:1,VERSE
test_song_120bpm.wav,14.211,F1,F,0.957,F,F,major,0.938,--,--,0.0,0.0,0,0.0,0.32556,--,OFF,TRACKING,8:1,VERSE
test_song_120bpm.wav,14.303,F1,F,0.962,F,F,major,0.944,--,--,0.0,0.0,0,0.0,0.32931,--,OFF,TRACKING,8:1,VERSE
test_song_120bpm.wav,14.396,F1,F,0.963,F,F,major,0.949,--,--,0.0,0.0,0,0.0,0.32472,--,OFF,TRACKING,8:1,VERSE
test_song_120bpm.wav,14.489,F1,F,0.962,F,F,major,0.952,--,--,0.0,0.0,0,0.0,0.31663,--,OFF,TRACKING,8:1,VERSE
test_song_120bpm.wav,14.582,F1,F,0.96,F,F,major,0.954,--,--,0.0,0.0,0,0.0,0.31036,--,OFF,TRACKING,8:2,VERSE
test_song_120bpm.wav,14.675,F1,F,0.956,F,F,major,0.955,--,--,0.0,0.0,0,0.0,0.3094,--,OFF,TRACKING,8:2,VERSE
test_song_120bpm.wav,14.768,F1,F,0.951,F,F,major,0.954,--,--,0.0,0.0,0,0.0,0.31548,--,OFF,TRACKING,8:2,VERSE
test_song_120bpm.wav,14.861,F1,F,0.948,F,F,major,0.952,--,--,0.0,0.0,0,0.0,0.31041,--,OFF,TRACKING,8:2,VERSE
test_song_120bpm.wav,14.954,F1,F,0.947,F,F,major,0.951,--,--,0.0,0.0,0,0.0,0.31165,--,OFF,TRACKING,8:2,VERSE
test_song_120bpm.wav,15.047,F1,F,0.951,F,F,major,0.951,--,--,0.0,0.0,0,0.0,0.31582,--,OFF,TRACKING,8:3,VERSE
test_song_120bpm.wav,15.139,F1,F,0.956,F,F,major,0.952,--,--,0.0,0.0,0,0.0,0.32008,--,OFF,TRACKING,8:3,VERSE
test_song_120bpm.wav,15.232,F1,F,0.961,F,F,major,0.954,--,--,0.0,0.0,0,0.0,0.32419,--,OFF,TRACKING,8:3,VERSE
test_song_120bpm.wav,15.325,F1,F,0.964,F,F,major,0.957,--,--,0.0,0.0,0,0.0,0.31998,--,OFF,TRACKING,8:3,VERSE
test_song_120bpm.wav,15.418,F1,F,0.965,F,F,major,0.959,--,--,0.0,0.0,0,0.0,0.31884,--,OFF,TRACKING,8:3,VERSE
test_song_120bpm.wav,15.511,F1,F,0.966,F,F,major,0.961,--,--,0.0,0.0,0,0.0,0.32513,--,OFF,TRACKING,8:4,VERSE
test_song_120bpm.wav,15.604,F1,F,0.965,F,F,major,0.962,--,--,0.0,0.0,0,0.0,0.33344,--,OFF,TRACKING,8:4,VERSE
test_song_120bpm.wav,15.697,F1,F,0.964,F,F,major,0.962,--,--,0.0,0.0,0,0.0,0.33461,--,OFF,TRACKING,8:4,VERSE
test_song_120bpm.wav,15.79,F1,F,0.964,F,F,major,0.963,--,--,0.0,0.0,0,0.0,0.32984,--,OFF,TRACKING,8:4,VERSE
test_song_120bpm.wav,15.882,F1,F,0.964,F,F,major,0.963,--,--,0.0,0.0,0,0.0,0.31857,--,OFF,TRACKING,8:4,VERSE
